collection_timestamp,extracted_data,listing_url,mileage,model,price,raw_html,raw_text,scraping_id,scraping_method,scraping_status,scraping_timestamp,source_url,title,validation_score,validation_status,year
2025-08-26T10:19:37.591090,"{'year': '2014', 'make': 'Porsche', 'model': 'Cayman', 'price': 'Price not shown', 'mileage': '', 'title': '2014 Porsche Cayman S S', 'source': 'AutoTempest'}",https://revyautos.com/listings/1k0azx7y36m5bs7vs55zz2?utm_source=autotempest&utm_campaign=catalog,,Cayman,Price not shown,,2014 Porsche Cayman S S 2014 Cayman Price not shown ,1,collection_data,success,2025-08-26T10:19:39.474533,https://www.autotempest.com/results?make=porsche&model=cayman&year_min=2009&year_max=2012,2014 Porsche Cayman S S,1.0,valid,2014
2025-08-26T10:19:37.607158,"{'year': '2007', 'make': 'Porsche', 'model': 'Cayman', 'price': 'Price not shown', 'mileage': '', 'title': '2007 Porsche Cayman 2D Coupe S', 'source': 'AutoTempest'}",https://privateauto.com/listing/2007-porsche-cayman-vwfebeslvw4?utm_source=autotempest&utm_medium=referral&utm_campaign=autotempest_listings,,Cayman,Price not shown,,2007 Porsche Cayman 2D Coupe S 2007 Cayman Price not shown ,2,collection_data,success,2025-08-26T10:19:40.475216,https://www.autotempest.com/results?make=porsche&model=cayman&year_min=2009&year_max=2012,2007 Porsche Cayman 2D Coupe S,1.0,valid,2007
2025-08-26T10:19:37.619394,"{'year': '2008', 'make': 'Porsche', 'model': 'Cayman', 'price': 'Price not shown', 'mileage': '', 'title': '2008 Porsche Cayman S', 'source': 'AutoTempest'}",https://privateauto.com/listing/2008-porsche-cayman-vwft1tf2pzw?utm_source=autotempest&utm_medium=referral&utm_campaign=autotempest_listings,,Cayman,Price not shown,,2008 Porsche Cayman S 2008 Cayman Price not shown ,3,collection_data,success,2025-08-26T10:19:41.475705,https://www.autotempest.com/results?make=porsche&model=cayman&year_min=2009&year_max=2012,2008 Porsche Cayman S,1.0,valid,2008
2025-08-26T10:19:37.631942,"{'year': '2008', 'make': 'Porsche', 'model': 'Cayman', 'price': 'Price not shown', 'mileage': '', 'title': '2008 Porsche Cayman S', 'source': 'AutoTempest'}",https://privateauto.com/listing/2008-porsche-cayman-vwficewe46o?utm_source=autotempest&utm_medium=referral&utm_campaign=autotempest_listings,,Cayman,Price not shown,,2008 Porsche Cayman S 2008 Cayman Price not shown ,4,collection_data,success,2025-08-26T10:19:42.476836,https://www.autotempest.com/results?make=porsche&model=cayman&year_min=2009&year_max=2012,2008 Porsche Cayman S,1.0,valid,2008
2025-08-26T10:19:37.642124,"{'year': '2016', 'make': 'Porsche', 'model': 'Cayman', 'price': 'Price not shown', 'mileage': '', 'title': '2016 Porsche Cayman', 'source': 'AutoTempest'}",https://www.hemmings.com/classifieds/listing/2016-porsche-florence-al-2877011?utm_source=autotempest&utm_medium=cpc&utm_campaign=autotempest_classifieds,,Cayman,Price not shown,,2016 Porsche Cayman 2016 Cayman Price not shown ,5,collection_data,success,2025-08-26T10:19:43.477436,https://www.autotempest.com/results?make=porsche&model=cayman&year_min=2009&year_max=2012,2016 Porsche Cayman,1.0,valid,2016
2025-08-26T10:19:37.652136,"{'year': '2014', 'make': 'Porsche', 'model': 'Cayman', 'price': 'Price not shown', 'mileage': '', 'title': '2014 Porsche Cayman S', 'source': 'AutoTempest'}",https://www.cars.com/vehicledetail/c2914b2c-fa82-4959-9887-073ced11c688/?aff=atempest&utm_campaign=atempest&utm_source=autotempest&utm_medium=trp&utm_campaign_id=1&utm_trusted=TRUE,,Cayman,Price not shown,,2014 Porsche Cayman S 2014 Cayman Price not shown ,6,collection_data,success,2025-08-26T10:19:44.478077,https://www.autotempest.com/results?make=porsche&model=cayman&year_min=2009&year_max=2012,2014 Porsche Cayman S,1.0,valid,2014
2025-08-26T10:19:37.662815,"{'year': '2010', 'make': 'Porsche', 'model': 'Cayman', 'price': 'Price not shown', 'mileage': '', 'title': '2010 Porsche Cayman Coupe 2D', 'source': 'AutoTempest'}",https://www.cars.com/vehicledetail/1e0d4384-98c4-4bbb-9147-31251e4c610a/?aff=atempest&utm_campaign=atempest&utm_source=autotempest&utm_medium=trp&utm_campaign_id=1&utm_trusted=TRUE,,Cayman,Price not shown,,2010 Porsche Cayman Coupe 2D 2010 Cayman Price not shown ,7,collection_data,success,2025-08-26T10:19:45.479409,https://www.autotempest.com/results?make=porsche&model=cayman&year_min=2009&year_max=2012,2010 Porsche Cayman Coupe 2D,1.0,valid,2010
2025-08-26T10:19:37.674521,"{'year': '2016', 'make': 'Porsche', 'model': 'Cayman', 'price': 'Price not shown', 'mileage': '', 'title': '2016 Porsche Cayman GT4', 'source': 'AutoTempest'}",https://www.cars.com/vehicledetail/543a018b-ca86-4025-8e6d-d3bde3b9a25a/?aff=atempest&utm_campaign=atempest&utm_source=autotempest&utm_medium=trp&utm_campaign_id=1&utm_trusted=TRUE,,Cayman,Price not shown,,2016 Porsche Cayman GT4 2016 Cayman Price not shown ,8,collection_data,success,2025-08-26T10:19:46.480669,https://www.autotempest.com/results?make=porsche&model=cayman&year_min=2009&year_max=2012,2016 Porsche Cayman GT4,1.0,valid,2016
2025-08-26T10:19:37.687277,"{'year': '2014', 'make': 'Porsche', 'model': 'Cayman', 'price': 'Price not shown', 'mileage': '', 'title': '2014 Porsche Cayman', 'source': 'AutoTempest'}",https://www.cars.com/vehicledetail/d738202c-df1a-4b16-a77f-9cdf7be4a8b0/?aff=atempest&utm_campaign=atempest&utm_source=autotempest&utm_medium=trp&utm_campaign_id=1&utm_trusted=TRUE,,Cayman,Price not shown,,2014 Porsche Cayman 2014 Cayman Price not shown ,9,collection_data,success,2025-08-26T10:19:47.482074,https://www.autotempest.com/results?make=porsche&model=cayman&year_min=2009&year_max=2012,2014 Porsche Cayman,1.0,valid,2014
2025-08-26T10:19:37.698088,"{'year': '2006', 'make': 'Porsche', 'model': 'Cayman', 'price': 'Price not shown', 'mileage': '', 'title': '2006 Porsche Cayman S', 'source': 'AutoTempest'}",https://www.cars.com/vehicledetail/8a5b1ff4-dcf4-4efb-925a-fad3ea4b231c/?aff=atempest&utm_campaign=atempest&utm_source=autotempest&utm_medium=trp&utm_campaign_id=1&utm_trusted=TRUE,,Cayman,Price not shown,,2006 Porsche Cayman S 2006 Cayman Price not shown ,10,collection_data,success,2025-08-26T10:19:48.483134,https://www.autotempest.com/results?make=porsche&model=cayman&year_min=2009&year_max=2012,2006 Porsche Cayman S,1.0,valid,2006
2025-08-26T10:19:37.885242,"{'year': '2015', 'make': 'Porsche', 'model': 'Cayman', 'price': 'Price not shown', 'mileage': '', 'title': '2015 Porsche Cayman S', 'source': 'AutoTempest'}",https://www.cars.com/vehicledetail/1ac2460b-f65f-4a20-8335-1880adff5c89/?aff=atempest&utm_campaign=atempest&utm_source=autotempest&utm_medium=trp&utm_campaign_id=1&utm_trusted=TRUE,,Cayman,Price not shown,,2015 Porsche Cayman S 2015 Cayman Price not shown ,11,collection_data,success,2025-08-26T10:19:49.483841,https://www.autotempest.com/results?make=porsche&model=cayman&year_min=2009&year_max=2012,2015 Porsche Cayman S,1.0,valid,2015
2025-08-26T10:19:37.899180,"{'year': '2015', 'make': 'Porsche', 'model': 'Cayman', 'price': 'Price not shown', 'mileage': '', 'title': '2015 Porsche Cayman GTS', 'source': 'AutoTempest'}",https://www.cars.com/vehicledetail/9c7f7c95-03f4-498d-ae6e-21d08c666203/?aff=atempest&utm_campaign=atempest&utm_source=autotempest&utm_medium=trp&utm_campaign_id=1&utm_trusted=TRUE,,Cayman,Price not shown,,2015 Porsche Cayman GTS 2015 Cayman Price not shown ,12,collection_data,success,2025-08-26T10:19:50.484864,https://www.autotempest.com/results?make=porsche&model=cayman&year_min=2009&year_max=2012,2015 Porsche Cayman GTS,1.0,valid,2015
2025-08-26T10:19:37.910242,"{'year': '2010', 'make': 'Porsche', 'model': 'Cayman', 'price': 'Price not shown', 'mileage': '', 'title': '2010 Porsche Cayman 2dr Cpe', 'source': 'AutoTempest'}",https://www.cars.com/vehicledetail/bfb129d1-6540-4737-9261-bb5f11cbbb23/?aff=atempest&utm_campaign=atempest&utm_source=autotempest&utm_medium=trp&utm_campaign_id=1&utm_trusted=TRUE,,Cayman,Price not shown,,2010 Porsche Cayman 2dr Cpe 2010 Cayman Price not shown ,13,collection_data,success,2025-08-26T10:19:51.485949,https://www.autotempest.com/results?make=porsche&model=cayman&year_min=2009&year_max=2012,2010 Porsche Cayman 2dr Cpe,1.0,valid,2010
2025-08-26T10:19:37.921784,"{'year': '2007', 'make': 'Porsche', 'model': 'Cayman', 'price': 'Price not shown', 'mileage': '', 'title': '2007 Porsche Cayman 2dr Cpe', 'source': 'AutoTempest'}",https://www.cars.com/vehicledetail/48e7a09c-fabd-478b-afa2-ab233e3bd12d/?aff=atempest&utm_campaign=atempest&utm_source=autotempest&utm_medium=trp&utm_campaign_id=1&utm_trusted=TRUE,,Cayman,Price not shown,,2007 Porsche Cayman 2dr Cpe 2007 Cayman Price not shown ,14,collection_data,success,2025-08-26T10:19:52.487298,https://www.autotempest.com/results?make=porsche&model=cayman&year_min=2009&year_max=2012,2007 Porsche Cayman 2dr Cpe,1.0,valid,2007
2025-08-26T10:19:37.932158,"{'year': '2016', 'make': 'Porsche', 'model': 'Cayman', 'price': 'Price not shown', 'mileage': '', 'title': '2016 Porsche Cayman GTS', 'source': 'AutoTempest'}",https://www.cars.com/vehicledetail/123048be-3f1d-47f1-aa7d-c7046dbe466b/?aff=atempest&utm_campaign=atempest&utm_source=autotempest&utm_medium=trp&utm_campaign_id=1&utm_trusted=TRUE,,Cayman,Price not shown,,2016 Porsche Cayman GTS 2016 Cayman Price not shown ,15,collection_data,success,2025-08-26T10:19:53.487881,https://www.autotempest.com/results?make=porsche&model=cayman&year_min=2009&year_max=2012,2016 Porsche Cayman GTS,1.0,valid,2016
2025-08-26T10:19:37.942038,"{'year': '2016', 'make': 'Porsche', 'model': 'Cayman', 'price': 'Price not shown', 'mileage': '', 'title': '2016 Porsche Cayman GT4', 'source': 'AutoTempest'}",https://www.cars.com/vehicledetail/78b6b084-74eb-4e9e-8f26-627194889b2b/?aff=atempest&utm_campaign=atempest&utm_source=autotempest&utm_medium=trp&utm_campaign_id=1&utm_trusted=TRUE,,Cayman,Price not shown,,2016 Porsche Cayman GT4 2016 Cayman Price not shown ,16,collection_data,success,2025-08-26T10:19:54.488430,https://www.autotempest.com/results?make=porsche&model=cayman&year_min=2009&year_max=2012,2016 Porsche Cayman GT4,1.0,valid,2016
2025-08-26T10:19:37.951526,"{'year': '2007', 'make': 'Porsche', 'model': 'Cayman', 'price': 'Price not shown', 'mileage': '', 'title': '2007 Porsche Cayman Manual Transmission $62K MSRP', 'source': 'AutoTempest'}",https://www.cars.com/vehicledetail/424d5dee-0f1d-4de1-ba14-e5818ee4d73f/?aff=atempest&utm_campaign=atempest&utm_source=autotempest&utm_medium=trp&utm_campaign_id=1&utm_trusted=TRUE,,Cayman,Price not shown,,2007 Porsche Cayman Manual Transmission $62K MSRP 2007 Cayman Price not shown ,17,collection_data,success,2025-08-26T10:19:55.489178,https://www.autotempest.com/results?make=porsche&model=cayman&year_min=2009&year_max=2012,2007 Porsche Cayman Manual Transmission $62K MSRP,1.0,valid,2007
2025-08-26T10:19:37.962015,"{'year': '2006', 'make': 'Porsche', 'model': 'Cayman', 'price': 'Price not shown', 'mileage': '', 'title': '2006 Porsche Cayman S', 'source': 'AutoTempest'}",https://www.cars.com/vehicledetail/ce1e2bfc-9389-4d39-b2ec-3fe7e47bba7e/?aff=atempest&utm_campaign=atempest&utm_source=autotempest&utm_medium=trp&utm_campaign_id=1&utm_trusted=TRUE,,Cayman,Price not shown,,2006 Porsche Cayman S 2006 Cayman Price not shown ,18,collection_data,success,2025-08-26T10:19:56.490113,https://www.autotempest.com/results?make=porsche&model=cayman&year_min=2009&year_max=2012,2006 Porsche Cayman S,1.0,valid,2006
2025-08-26T10:19:37.972995,"{'year': '2006', 'make': 'Porsche', 'model': 'Cayman', 'price': 'Price not shown', 'mileage': '', 'title': '2006 Porsche Cayman S', 'source': 'AutoTempest'}",https://www.cars.com/vehicledetail/2441d9f2-2504-49ac-905c-78904ce769c2/?aff=atempest&utm_campaign=atempest&utm_source=autotempest&utm_medium=trp&utm_campaign_id=1&utm_trusted=TRUE,,Cayman,Price not shown,,2006 Porsche Cayman S 2006 Cayman Price not shown ,19,collection_data,success,2025-08-26T10:19:57.490641,https://www.autotempest.com/results?make=porsche&model=cayman&year_min=2009&year_max=2012,2006 Porsche Cayman S,1.0,valid,2006
2025-08-26T10:19:37.983645,"{'year': '2016', 'make': 'Porsche', 'model': 'Cayman', 'price': 'Price not shown', 'mileage': '', 'title': '2016 Porsche Cayman Coupe 2D', 'source': 'AutoTempest'}",https://www.cars.com/vehicledetail/24ccdcce-1bf5-4869-8f83-4664f3a78592/?aff=atempest&utm_campaign=atempest&utm_source=autotempest&utm_medium=trp&utm_campaign_id=1&utm_trusted=TRUE,,Cayman,Price not shown,,2016 Porsche Cayman Coupe 2D 2016 Cayman Price not shown ,20,collection_data,success,2025-08-26T10:19:58.491201,https://www.autotempest.com/results?make=porsche&model=cayman&year_min=2009&year_max=2012,2016 Porsche Cayman Coupe 2D,1.0,valid,2016
2025-08-26T10:19:37.996841,"{'year': '2014', 'make': 'Porsche', 'model': 'Cayman', 'price': 'Price not shown', 'mileage': '', 'title': '2014 Porsche Cayman Base 2dr Coupe', 'source': 'AutoTempest'}",https://www.cars.com/vehicledetail/5dcf9f41-5dd7-4837-b95c-e29cf65e69e3/?aff=atempest&utm_campaign=atempest&utm_source=autotempest&utm_medium=trp&utm_campaign_id=1&utm_trusted=TRUE,,Cayman,Price not shown,,2014 Porsche Cayman Base 2dr Coupe 2014 Cayman Price not shown ,21,collection_data,success,2025-08-26T10:19:59.491884,https://www.autotempest.com/results?make=porsche&model=cayman&year_min=2009&year_max=2012,2014 Porsche Cayman Base 2dr Coupe,1.0,valid,2014
2025-08-26T10:19:38.011264,"{'year': '2014', 'make': 'Porsche', 'model': 'Cayman', 'price': 'Price not shown', 'mileage': '', 'title': '2014 Porsche Cayman S', 'source': 'AutoTempest'}",https://www.cars.com/vehicledetail/1c0091f0-11bf-48a6-8e99-616c1886eaa2/?aff=atempest&utm_campaign=atempest&utm_source=autotempest&utm_medium=trp&utm_campaign_id=1&utm_trusted=TRUE,,Cayman,Price not shown,,2014 Porsche Cayman S 2014 Cayman Price not shown ,22,collection_data,success,2025-08-26T10:20:00.492871,https://www.autotempest.com/results?make=porsche&model=cayman&year_min=2009&year_max=2012,2014 Porsche Cayman S,1.0,valid,2014
2025-08-26T10:19:38.026649,"{'year': '2009', 'make': 'Porsche', 'model': 'Cayman', 'price': 'Price not shown', 'mileage': '', 'title': '2009 Porsche Cayman S', 'source': 'AutoTempest'}",https://www.cars.com/vehicledetail/2738b48e-d554-46d4-9dcb-6dc19190d563/?aff=atempest&utm_campaign=atempest&utm_source=autotempest&utm_medium=trp&utm_campaign_id=1&utm_trusted=TRUE,,Cayman,Price not shown,,2009 Porsche Cayman S 2009 Cayman Price not shown ,23,collection_data,success,2025-08-26T10:20:01.494154,https://www.autotempest.com/results?make=porsche&model=cayman&year_min=2009&year_max=2012,2009 Porsche Cayman S,1.0,valid,2009
2025-08-26T10:19:38.046218,"{'year': '2014', 'make': 'Porsche', 'model': 'Cayman', 'price': 'Price not shown', 'mileage': '', 'title': '2014 Porsche Cayman', 'source': 'AutoTempest'}",https://www.cars.com/vehicledetail/0d8afc6b-7939-4953-917c-3d0a4a57013f/?aff=atempest&utm_campaign=atempest&utm_source=autotempest&utm_medium=trp&utm_campaign_id=1&utm_trusted=TRUE,,Cayman,Price not shown,,2014 Porsche Cayman 2014 Cayman Price not shown ,24,collection_data,success,2025-08-26T10:20:02.495519,https://www.autotempest.com/results?make=porsche&model=cayman&year_min=2009&year_max=2012,2014 Porsche Cayman,1.0,valid,2014
2025-08-26T10:19:38.066781,"{'year': '2008', 'make': 'Porsche', 'model': 'Cayman', 'price': 'Price not shown', 'mileage': '', 'title': '2008 Porsche Cayman', 'source': 'AutoTempest'}",https://www.cars.com/vehicledetail/83090822-23b2-4975-963d-5ea7c1086b98/?aff=atempest&utm_campaign=atempest&utm_source=autotempest&utm_medium=trp&utm_campaign_id=1&utm_trusted=TRUE,,Cayman,Price not shown,,2008 Porsche Cayman 2008 Cayman Price not shown ,25,collection_data,success,2025-08-26T10:20:03.496439,https://www.autotempest.com/results?make=porsche&model=cayman&year_min=2009&year_max=2012,2008 Porsche Cayman,1.0,valid,2008
2025-08-26T10:19:38.083651,"{'year': '2007', 'make': 'Porsche', 'model': 'Cayman', 'price': 'Price not shown', 'mileage': '', 'title': '2007 Porsche Cayman', 'source': 'AutoTempest'}",https://www.cars.com/vehicledetail/39868a81-4534-44fa-bf69-7575e79a4870/?aff=atempest&utm_campaign=atempest&utm_source=autotempest&utm_medium=trp&utm_campaign_id=1&utm_trusted=TRUE,,Cayman,Price not shown,,2007 Porsche Cayman 2007 Cayman Price not shown ,26,collection_data,success,2025-08-26T10:20:04.497629,https://www.autotempest.com/results?make=porsche&model=cayman&year_min=2009&year_max=2012,2007 Porsche Cayman,1.0,valid,2007
2025-08-26T10:19:38.102756,"{'year': '2007', 'make': 'Porsche', 'model': 'Cayman', 'price': 'Price not shown', 'mileage': '', 'title': '2007 Porsche Cayman S', 'source': 'AutoTempest'}",https://www.cars.com/vehicledetail/bf4a651e-1e96-478f-a254-70142e9963bb/?aff=atempest&utm_campaign=atempest&utm_source=autotempest&utm_medium=trp&utm_campaign_id=1&utm_trusted=TRUE,,Cayman,Price not shown,,2007 Porsche Cayman S 2007 Cayman Price not shown ,27,collection_data,success,2025-08-26T10:20:05.498541,https://www.autotempest.com/results?make=porsche&model=cayman&year_min=2009&year_max=2012,2007 Porsche Cayman S,1.0,valid,2007
2025-08-26T10:19:38.133624,"{'year': '2006', 'make': 'Porsche', 'model': 'Cayman', 'price': 'Price not shown', 'mileage': '', 'title': '2006 Porsche Cayman S', 'source': 'AutoTempest'}",https://www.cars.com/vehicledetail/845b564f-3815-4198-939f-1f4069805870/?aff=atempest&utm_campaign=atempest&utm_source=autotempest&utm_medium=trp&utm_campaign_id=1&utm_trusted=TRUE,,Cayman,Price not shown,,2006 Porsche Cayman S 2006 Cayman Price not shown ,28,collection_data,success,2025-08-26T10:20:06.499649,https://www.autotempest.com/results?make=porsche&model=cayman&year_min=2009&year_max=2012,2006 Porsche Cayman S,1.0,valid,2006
2025-08-26T10:19:38.151835,"{'year': '2015', 'make': 'Porsche', 'model': 'Cayman', 'price': 'Price not shown', 'mileage': '', 'title': '2015 Porsche Cayman S', 'source': 'AutoTempest'}",https://www.cars.com/vehicledetail/44833cf5-bb4f-474b-95c2-727482e96af7/?aff=atempest&utm_campaign=atempest&utm_source=autotempest&utm_medium=trp&utm_campaign_id=1&utm_trusted=TRUE,,Cayman,Price not shown,,2015 Porsche Cayman S 2015 Cayman Price not shown ,29,collection_data,success,2025-08-26T10:20:07.500962,https://www.autotempest.com/results?make=porsche&model=cayman&year_min=2009&year_max=2012,2015 Porsche Cayman S,1.0,valid,2015
2025-08-26T10:19:38.170581,"{'year': '2014', 'make': 'Porsche', 'model': 'Cayman', 'price': 'Price not shown', 'mileage': '', 'title': '2014 Porsche Cayman S', 'source': 'AutoTempest'}",https://www.cars.com/vehicledetail/a2b4d1f0-87e4-4f49-888e-7713cf165133/?aff=atempest&utm_campaign=atempest&utm_source=autotempest&utm_medium=trp&utm_campaign_id=1&utm_trusted=TRUE,,Cayman,Price not shown,,2014 Porsche Cayman S 2014 Cayman Price not shown ,30,collection_data,success,2025-08-26T10:20:08.501828,https://www.autotempest.com/results?make=porsche&model=cayman&year_min=2009&year_max=2012,2014 Porsche Cayman S,1.0,valid,2014
2025-08-26T10:19:38.181536,"{'year': '2009', 'make': 'Porsche', 'model': 'Cayman', 'price': 'Price not shown', 'mileage': '', 'title': '2009 Porsche Cayman S', 'source': 'AutoTempest'}",https://www.cars.com/vehicledetail/b2b31298-3bfc-467c-8019-00ea77bd05e0/?aff=atempest&utm_campaign=atempest&utm_source=autotempest&utm_medium=trp&utm_campaign_id=1&utm_trusted=TRUE,,Cayman,Price not shown,,2009 Porsche Cayman S 2009 Cayman Price not shown ,31,collection_data,success,2025-08-26T10:20:09.502778,https://www.autotempest.com/results?make=porsche&model=cayman&year_min=2009&year_max=2012,2009 Porsche Cayman S,1.0,valid,2009
2025-08-26T10:19:38.197184,"{'year': '2014', 'make': 'Porsche', 'model': 'Cayman', 'price': 'Price not shown', 'mileage': '', 'title': '2014 Porsche Cayman S', 'source': 'AutoTempest'}",https://www.cars.com/vehicledetail/d2620c22-02c6-4eb8-b4e0-f8685c219e96/?aff=atempest&utm_campaign=atempest&utm_source=autotempest&utm_medium=trp&utm_campaign_id=1&utm_trusted=TRUE,,Cayman,Price not shown,,2014 Porsche Cayman S 2014 Cayman Price not shown ,32,collection_data,success,2025-08-26T10:20:10.503934,https://www.autotempest.com/results?make=porsche&model=cayman&year_min=2009&year_max=2012,2014 Porsche Cayman S,1.0,valid,2014
2025-08-26T10:19:38.218810,"{'year': '2006', 'make': 'Porsche', 'model': 'Cayman', 'price': 'Price not shown', 'mileage': '', 'title': '2006 Porsche Cayman S', 'source': 'AutoTempest'}",https://www.cars.com/vehicledetail/9f70a358-391a-49ac-9ac6-704905cd2d7a/?aff=atempest&utm_campaign=atempest&utm_source=autotempest&utm_medium=trp&utm_campaign_id=1&utm_trusted=TRUE,,Cayman,Price not shown,,2006 Porsche Cayman S 2006 Cayman Price not shown ,33,collection_data,success,2025-08-26T10:20:11.505475,https://www.autotempest.com/results?make=porsche&model=cayman&year_min=2009&year_max=2012,2006 Porsche Cayman S,1.0,valid,2006
2025-08-26T10:19:38.230480,"{'year': '2015', 'make': 'Porsche', 'model': 'Cayman', 'price': 'Price not shown', 'mileage': '', 'title': '2015 Porsche Cayman S', 'source': 'AutoTempest'}",https://www.cars.com/vehicledetail/a9c78903-1749-434a-b02a-9509ed90ffbb/?aff=atempest&utm_campaign=atempest&utm_source=autotempest&utm_medium=trp&utm_campaign_id=1&utm_trusted=TRUE,,Cayman,Price not shown,,2015 Porsche Cayman S 2015 Cayman Price not shown ,34,collection_data,success,2025-08-26T10:20:12.506817,https://www.autotempest.com/results?make=porsche&model=cayman&year_min=2009&year_max=2012,2015 Porsche Cayman S,1.0,valid,2015
2025-08-26T10:19:38.305131,"{'year': '2012', 'make': 'Porsche', 'model': 'Cayman', 'price': 'Price not shown', 'mileage': '', 'title': '2012 Porsche Cayman Black Edition', 'source': 'AutoTempest'}",https://www.cars.com/vehicledetail/e976df74-a8de-4fd2-b91f-c9d0568ef9ac/?aff=atempest&utm_campaign=atempest&utm_source=autotempest&utm_medium=trp&utm_campaign_id=1&utm_trusted=TRUE,,Cayman,Price not shown,,2012 Porsche Cayman Black Edition 2012 Cayman Price not shown ,35,collection_data,success,2025-08-26T10:20:13.508130,https://www.autotempest.com/results?make=porsche&model=cayman&year_min=2009&year_max=2012,2012 Porsche Cayman Black Edition,1.0,valid,2012
2025-08-26T10:19:38.337512,"{'year': '2012', 'make': 'Porsche', 'model': 'Cayman', 'price': 'Price not shown', 'mileage': '', 'title': '2012 Porsche Cayman S Black Edition', 'source': 'AutoTempest'}",https://www.cars.com/vehicledetail/5c71e7b3-b67c-479b-88c7-de19b871b62d/?aff=atempest&utm_campaign=atempest&utm_source=autotempest&utm_medium=trp&utm_campaign_id=1&utm_trusted=TRUE,,Cayman,Price not shown,,2012 Porsche Cayman S Black Edition 2012 Cayman Price not shown ,36,collection_data,success,2025-08-26T10:20:14.508570,https://www.autotempest.com/results?make=porsche&model=cayman&year_min=2009&year_max=2012,2012 Porsche Cayman S Black Edition,1.0,valid,2012
2025-08-26T10:19:38.348135,"{'year': '2007', 'make': 'Porsche', 'model': 'Cayman', 'price': 'Price not shown', 'mileage': '', 'title': '2007 Porsche Cayman', 'source': 'AutoTempest'}",https://www.cars.com/vehicledetail/fb41bb94-8b66-44dc-8f20-1b8406d34a14/?aff=atempest&utm_campaign=atempest&utm_source=autotempest&utm_medium=trp&utm_campaign_id=1&utm_trusted=TRUE,,Cayman,Price not shown,,2007 Porsche Cayman 2007 Cayman Price not shown ,37,collection_data,success,2025-08-26T10:20:15.509958,https://www.autotempest.com/results?make=porsche&model=cayman&year_min=2009&year_max=2012,2007 Porsche Cayman,1.0,valid,2007
2025-08-26T10:19:38.358582,"{'year': '2016', 'make': 'Porsche', 'model': 'Cayman', 'price': 'Price not shown', 'mileage': '', 'title': '2016 Porsche Cayman Base 2dr Coupe', 'source': 'AutoTempest'}",https://www.cars.com/vehicledetail/3ab05409-1b4a-43fd-a724-fedfd53ca8c3/?aff=atempest&utm_campaign=atempest&utm_source=autotempest&utm_medium=trp&utm_campaign_id=1&utm_trusted=TRUE,,Cayman,Price not shown,,2016 Porsche Cayman Base 2dr Coupe 2016 Cayman Price not shown ,38,collection_data,success,2025-08-26T10:20:16.510408,https://www.autotempest.com/results?make=porsche&model=cayman&year_min=2009&year_max=2012,2016 Porsche Cayman Base 2dr Coupe,1.0,valid,2016
2025-08-26T10:19:38.371859,"{'year': '2016', 'make': 'Porsche', 'model': 'Cayman', 'price': 'Price not shown', 'mileage': '', 'title': '2016 Porsche Cayman S', 'source': 'AutoTempest'}",https://www.cars.com/vehicledetail/65e517a7-6000-472c-a093-2155bdaec407/?aff=atempest&utm_campaign=atempest&utm_source=autotempest&utm_medium=trp&utm_campaign_id=1&utm_trusted=TRUE,,Cayman,Price not shown,,2016 Porsche Cayman S 2016 Cayman Price not shown ,39,collection_data,success,2025-08-26T10:20:17.511009,https://www.autotempest.com/results?make=porsche&model=cayman&year_min=2009&year_max=2012,2016 Porsche Cayman S,1.0,valid,2016
2025-08-26T10:19:38.381079,"{'year': '2016', 'make': 'Porsche', 'model': 'Cayman', 'price': 'Price not shown', 'mileage': '', 'title': '2016 Porsche Cayman S', 'source': 'AutoTempest'}",https://www.cars.com/vehicledetail/8b3f2b9a-43a3-4da7-a174-b3a1db5dc721/?aff=atempest&utm_campaign=atempest&utm_source=autotempest&utm_medium=trp&utm_campaign_id=1&utm_trusted=TRUE,,Cayman,Price not shown,,2016 Porsche Cayman S 2016 Cayman Price not shown ,40,collection_data,success,2025-08-26T10:20:18.512166,https://www.autotempest.com/results?make=porsche&model=cayman&year_min=2009&year_max=2012,2016 Porsche Cayman S,1.0,valid,2016
2025-08-26T10:19:38.390195,"{'year': '2015', 'make': 'Porsche', 'model': 'Cayman', 'price': 'Price not shown', 'mileage': '', 'title': '2015 Porsche Cayman S', 'source': 'AutoTempest'}",https://www.cars.com/vehicledetail/ac7f8ca6-4aaf-42b2-a498-2862f0d501ef/?aff=atempest&utm_campaign=atempest&utm_source=autotempest&utm_medium=trp&utm_campaign_id=1&utm_trusted=TRUE,,Cayman,Price not shown,,2015 Porsche Cayman S 2015 Cayman Price not shown ,41,collection_data,success,2025-08-26T10:20:19.513501,https://www.autotempest.com/results?make=porsche&model=cayman&year_min=2009&year_max=2012,2015 Porsche Cayman S,1.0,valid,2015
2025-08-26T10:19:38.403186,"{'year': '2014', 'make': 'Porsche', 'model': 'Cayman', 'price': 'Price not shown', 'mileage': '', 'title': '2014 Porsche Cayman S', 'source': 'AutoTempest'}",https://www.cars.com/vehicledetail/ab509978-845d-4fce-bd09-8d2c24de1f9f/?aff=atempest&utm_campaign=atempest&utm_source=autotempest&utm_medium=trp&utm_campaign_id=1&utm_trusted=TRUE,,Cayman,Price not shown,,2014 Porsche Cayman S 2014 Cayman Price not shown ,42,collection_data,success,2025-08-26T10:20:20.514244,https://www.autotempest.com/results?make=porsche&model=cayman&year_min=2009&year_max=2012,2014 Porsche Cayman S,1.0,valid,2014
2025-08-26T10:19:38.412760,"{'year': '2016', 'make': 'Porsche', 'model': 'Cayman', 'price': 'Price not shown', 'mileage': '', 'title': '2016 Porsche Cayman GT4', 'source': 'AutoTempest'}",https://www.cars.com/vehicledetail/6ef47e52-3db2-430d-8c0b-da5b8a04b552/?aff=atempest&utm_campaign=atempest&utm_source=autotempest&utm_medium=trp&utm_campaign_id=1&utm_trusted=TRUE,,Cayman,Price not shown,,2016 Porsche Cayman GT4 2016 Cayman Price not shown ,43,collection_data,success,2025-08-26T10:20:21.515553,https://www.autotempest.com/results?make=porsche&model=cayman&year_min=2009&year_max=2012,2016 Porsche Cayman GT4,1.0,valid,2016
2025-08-26T10:19:38.424660,"{'year': '2015', 'make': 'Porsche', 'model': 'Cayman', 'price': 'Price not shown', 'mileage': '', 'title': '2015 Porsche Cayman GTS', 'source': 'AutoTempest'}",https://www.cars.com/vehicledetail/e99eeaf9-634c-4bd5-838f-991bbc952c00/?aff=atempest&utm_campaign=atempest&utm_source=autotempest&utm_medium=trp&utm_campaign_id=1&utm_trusted=TRUE,,Cayman,Price not shown,,2015 Porsche Cayman GTS 2015 Cayman Price not shown ,44,collection_data,success,2025-08-26T10:20:22.516282,https://www.autotempest.com/results?make=porsche&model=cayman&year_min=2009&year_max=2012,2015 Porsche Cayman GTS,1.0,valid,2015
2025-08-26T10:19:38.435668,"{'year': '2006', 'make': 'Porsche', 'model': 'Cayman', 'price': 'Price not shown', 'mileage': '', 'title': '2006 Porsche Cayman S', 'source': 'AutoTempest'}",https://www.cars.com/vehicledetail/66528271-ebe3-4f58-8aa2-68089a8a9c45/?aff=atempest&utm_campaign=atempest&utm_source=autotempest&utm_medium=trp&utm_campaign_id=1&utm_trusted=TRUE,,Cayman,Price not shown,,2006 Porsche Cayman S 2006 Cayman Price not shown ,45,collection_data,success,2025-08-26T10:20:23.517815,https://www.autotempest.com/results?make=porsche&model=cayman&year_min=2009&year_max=2012,2006 Porsche Cayman S,1.0,valid,2006
2025-08-26T10:19:38.448245,"{'year': '2014', 'make': 'Porsche', 'model': 'Cayman', 'price': 'Price not shown', 'mileage': '', 'title': '2014 Porsche Cayman S', 'source': 'AutoTempest'}",https://www.cars.com/vehicledetail/8d54b2be-c51e-4fc6-b74e-aa5ee097072f/?aff=atempest&utm_campaign=atempest&utm_source=autotempest&utm_medium=trp&utm_campaign_id=1&utm_trusted=TRUE,,Cayman,Price not shown,,2014 Porsche Cayman S 2014 Cayman Price not shown ,46,collection_data,success,2025-08-26T10:20:24.518406,https://www.autotempest.com/results?make=porsche&model=cayman&year_min=2009&year_max=2012,2014 Porsche Cayman S,1.0,valid,2014
2025-08-26T10:19:38.467502,"{'year': '2016', 'make': 'Porsche', 'model': 'Cayman', 'price': 'Price not shown', 'mileage': '', 'title': '2016 Porsche Cayman', 'source': 'AutoTempest'}",https://www.cars.com/vehicledetail/3ff8d5d9-ce4a-4a78-afb5-ec98250efb4e/?aff=atempest&utm_campaign=atempest&utm_source=autotempest&utm_medium=trp&utm_campaign_id=1&utm_trusted=TRUE,,Cayman,Price not shown,,2016 Porsche Cayman 2016 Cayman Price not shown ,47,collection_data,success,2025-08-26T10:20:25.519830,https://www.autotempest.com/results?make=porsche&model=cayman&year_min=2009&year_max=2012,2016 Porsche Cayman,1.0,valid,2016
2025-08-26T10:19:38.482069,"{'year': '2016', 'make': 'Porsche', 'model': 'Cayman', 'price': 'Price not shown', 'mileage': '', 'title': '2016 Porsche Cayman GT4', 'source': 'AutoTempest'}",https://www.cars.com/vehicledetail/762d842c-fcf2-49e3-ba5d-ec35fdabda50/?aff=atempest&utm_campaign=atempest&utm_source=autotempest&utm_medium=trp&utm_campaign_id=1&utm_trusted=TRUE,,Cayman,Price not shown,,2016 Porsche Cayman GT4 2016 Cayman Price not shown ,48,collection_data,success,2025-08-26T10:20:26.521202,https://www.autotempest.com/results?make=porsche&model=cayman&year_min=2009&year_max=2012,2016 Porsche Cayman GT4,1.0,valid,2016
2025-08-26T10:19:38.494831,"{'year': '2015', 'make': 'Porsche', 'model': 'Cayman', 'price': 'Price not shown', 'mileage': '', 'title': '2015 Porsche Cayman GTS', 'source': 'AutoTempest'}",https://www.cars.com/vehicledetail/9c0bd817-df6d-4b3c-819e-be9b363f54a4/?aff=atempest&utm_campaign=atempest&utm_source=autotempest&utm_medium=trp&utm_campaign_id=1&utm_trusted=TRUE,,Cayman,Price not shown,,2015 Porsche Cayman GTS 2015 Cayman Price not shown ,49,collection_data,success,2025-08-26T10:20:27.521800,https://www.autotempest.com/results?make=porsche&model=cayman&year_min=2009&year_max=2012,2015 Porsche Cayman GTS,1.0,valid,2015
2025-08-26T10:19:38.506665,"{'year': '2006', 'make': 'Porsche', 'model': 'Cayman', 'price': 'Price not shown', 'mileage': '', 'title': '2006 Porsche Cayman S', 'source': 'AutoTempest'}",https://www.cars.com/vehicledetail/91fe609c-3a77-450d-8969-bb311ae42073/?aff=atempest&utm_campaign=atempest&utm_source=autotempest&utm_medium=trp&utm_campaign_id=1&utm_trusted=TRUE,,Cayman,Price not shown,,2006 Porsche Cayman S 2006 Cayman Price not shown ,50,collection_data,success,2025-08-26T10:20:28.522543,https://www.autotempest.com/results?make=porsche&model=cayman&year_min=2009&year_max=2012,2006 Porsche Cayman S,1.0,valid,2006
2025-08-26T10:19:38.527307,"{'year': '2016', 'make': 'Porsche', 'model': 'Cayman', 'price': 'Price not shown', 'mileage': '', 'title': '2016 Porsche Cayman GT4', 'source': 'AutoTempest'}",https://www.cars.com/vehicledetail/57bafa92-c291-4345-a667-b6a1235a3e33/?aff=atempest&utm_campaign=atempest&utm_source=autotempest&utm_medium=trp&utm_campaign_id=1&utm_trusted=TRUE,,Cayman,Price not shown,,2016 Porsche Cayman GT4 2016 Cayman Price not shown ,51,collection_data,success,2025-08-26T10:20:29.523068,https://www.autotempest.com/results?make=porsche&model=cayman&year_min=2009&year_max=2012,2016 Porsche Cayman GT4,1.0,valid,2016
2025-08-26T10:19:38.541308,"{'year': '2015', 'make': 'Porsche', 'model': 'Cayman', 'price': 'Price not shown', 'mileage': '', 'title': '2015 Porsche Cayman S', 'source': 'AutoTempest'}",https://www.cars.com/vehicledetail/c9174751-332c-4e41-bfd6-bc75a23278d6/?aff=atempest&utm_campaign=atempest&utm_source=autotempest&utm_medium=trp&utm_campaign_id=1&utm_trusted=TRUE,,Cayman,Price not shown,,2015 Porsche Cayman S 2015 Cayman Price not shown ,52,collection_data,success,2025-08-26T10:20:30.524304,https://www.autotempest.com/results?make=porsche&model=cayman&year_min=2009&year_max=2012,2015 Porsche Cayman S,1.0,valid,2015
2025-08-26T10:19:38.563714,"{'year': '2006', 'make': 'Porsche', 'model': 'Cayman', 'price': 'Price not shown', 'mileage': '', 'title': '2006 Porsche Cayman S', 'source': 'AutoTempest'}",https://www.cars.com/vehicledetail/1880ae1d-39fb-46f7-85ba-d03836765905/?aff=atempest&utm_campaign=atempest&utm_source=autotempest&utm_medium=trp&utm_campaign_id=1&utm_trusted=TRUE,,Cayman,Price not shown,,2006 Porsche Cayman S 2006 Cayman Price not shown ,53,collection_data,success,2025-08-26T10:20:31.524871,https://www.autotempest.com/results?make=porsche&model=cayman&year_min=2009&year_max=2012,2006 Porsche Cayman S,1.0,valid,2006
2025-08-26T10:19:38.576077,"{'year': '2016', 'make': 'Porsche', 'model': 'Cayman', 'price': 'Price not shown', 'mileage': '', 'title': '2016 Porsche Cayman GT4', 'source': 'AutoTempest'}",https://www.cars.com/vehicledetail/6c8028bc-651f-408e-a6aa-1fa75e3dd22a/?aff=atempest&utm_campaign=atempest&utm_source=autotempest&utm_medium=trp&utm_campaign_id=1&utm_trusted=TRUE,,Cayman,Price not shown,,2016 Porsche Cayman GT4 2016 Cayman Price not shown ,54,collection_data,success,2025-08-26T10:20:32.525911,https://www.autotempest.com/results?make=porsche&model=cayman&year_min=2009&year_max=2012,2016 Porsche Cayman GT4,1.0,valid,2016
2025-08-26T10:19:38.618240,"{'year': '2014', 'make': 'Porsche', 'model': 'Cayman', 'price': 'Price not shown', 'mileage': '', 'title': '2014 Porsche Cayman', 'source': 'AutoTempest'}",https://www.cars.com/vehicledetail/a75dac20-5741-4d02-b655-d89b8301d05d/?aff=atempest&utm_campaign=atempest&utm_source=autotempest&utm_medium=trp&utm_campaign_id=1&utm_trusted=TRUE,,Cayman,Price not shown,,2014 Porsche Cayman 2014 Cayman Price not shown ,55,collection_data,success,2025-08-26T10:20:33.526386,https://www.autotempest.com/results?make=porsche&model=cayman&year_min=2009&year_max=2012,2014 Porsche Cayman,1.0,valid,2014
2025-08-26T10:19:38.633767,"{'year': '2014', 'make': 'Porsche', 'model': 'Cayman', 'price': 'Price not shown', 'mileage': '', 'title': '2014 Porsche Cayman S Coupe 2D', 'source': 'AutoTempest'}",https://www.carvana.com/vehicle/lt/3783767?utm_source=autotempest&utm_medium=3rd-party-listing&utm_campaign=new-vdp&utm_content=3_20250826_3921161,,Cayman,Price not shown,,2014 Porsche Cayman S Coupe 2D 2014 Cayman Price not shown ,56,collection_data,success,2025-08-26T10:20:34.527147,https://www.autotempest.com/results?make=porsche&model=cayman&year_min=2009&year_max=2012,2014 Porsche Cayman S Coupe 2D,1.0,valid,2014
2025-08-26T10:19:38.648756,"{'year': '2012', 'make': 'Porsche', 'model': 'Cayman', 'price': 'Price not shown', 'mileage': '', 'title': '2012 Porsche Cayman Coupe 2D', 'source': 'AutoTempest'}",https://www.carvana.com/vehicle/lt/3775010?utm_source=autotempest&utm_medium=3rd-party-listing&utm_campaign=new-vdp&utm_content=3_20250826_3896393,,Cayman,Price not shown,,2012 Porsche Cayman Coupe 2D 2012 Cayman Price not shown ,57,collection_data,success,2025-08-26T10:20:35.527688,https://www.autotempest.com/results?make=porsche&model=cayman&year_min=2009&year_max=2012,2012 Porsche Cayman Coupe 2D,1.0,valid,2012
2025-08-26T10:19:38.660090,"{'year': '2016', 'make': 'Porsche', 'model': 'Cayman', 'price': 'Price not shown', 'mileage': '', 'title': '2016 Porsche Cayman Coupe 2D', 'source': 'AutoTempest'}",https://www.carvana.com/vehicle/lt/3771722?utm_source=autotempest&utm_medium=3rd-party-listing&utm_campaign=new-vdp&utm_content=3_20250826_3908748,,Cayman,Price not shown,,2016 Porsche Cayman Coupe 2D 2016 Cayman Price not shown ,58,collection_data,success,2025-08-26T10:20:36.528587,https://www.autotempest.com/results?make=porsche&model=cayman&year_min=2009&year_max=2012,2016 Porsche Cayman Coupe 2D,1.0,valid,2016
2025-08-26T10:19:38.670863,"{'year': '2014', 'make': 'Porsche', 'model': 'Cayman', 'price': 'Price not shown', 'mileage': '', 'title': '2014 Porsche Cayman S Coupe 2D', 'source': 'AutoTempest'}",https://www.carvana.com/vehicle/lt/3760984?utm_source=autotempest&utm_medium=3rd-party-listing&utm_campaign=new-vdp&utm_content=3_20250826_3885380,,Cayman,Price not shown,,2014 Porsche Cayman S Coupe 2D 2014 Cayman Price not shown ,59,collection_data,success,2025-08-26T10:20:37.529042,https://www.autotempest.com/results?make=porsche&model=cayman&year_min=2009&year_max=2012,2014 Porsche Cayman S Coupe 2D,1.0,valid,2014
2025-08-26T10:19:38.680157,"{'year': '2018', 'make': 'Porsche', 'model': 'Cayman', 'price': 'Price not shown', 'mileage': '', 'title': '2018 Porsche Cayman', 'source': 'AutoTempest'}",https://www.ebay.com/itm/146795101676?hash=item222dab7dec%3Ag%3Aa2MAAeSwyT5orYXj&mkevt=1&mkcid=1&mkrid=711-53200-19255-0&campid=5337650957&customid=&toolid=10049,,Cayman,Price not shown,,2018 Porsche Cayman 2018 Cayman Price not shown ,60,collection_data,success,2025-08-26T10:20:38.530425,https://www.autotempest.com/results?make=porsche&model=cayman&year_min=2009&year_max=2012,2018 Porsche Cayman,1.0,valid,2018
2025-08-26T10:19:38.692472,"{'year': '2018', 'make': 'Porsche', 'model': 'Cayman', 'price': 'Price not shown', 'mileage': '', 'title': '2018 Porsche Cayman S', 'source': 'AutoTempest'}",https://www.ebay.com/itm/297567597917?hash=item454869355d%3Ag%3A4vkAAeSwjmBoraLI&mkevt=1&mkcid=1&mkrid=711-53200-19255-0&campid=5337650957&customid=&toolid=10049,,Cayman,Price not shown,,2018 Porsche Cayman S 2018 Cayman Price not shown ,61,collection_data,success,2025-08-26T10:20:39.530957,https://www.autotempest.com/results?make=porsche&model=cayman&year_min=2009&year_max=2012,2018 Porsche Cayman S,1.0,valid,2018
2025-08-26T10:19:38.702542,"{'year': '2012', 'make': 'Porsche', 'model': 'Cayman', 'price': 'Price not shown', 'mileage': '', 'title': '2012 Porsche Cayman R 987.2', 'source': 'AutoTempest'}",https://www.ebay.com/itm/167744439288?hash=item270e5903f8%3Ag%3Ae6cAAOSwM%7EhoSyXk&mkevt=1&mkcid=1&mkrid=711-53200-19255-0&campid=5337650957&customid=&toolid=10049,,Cayman,Price not shown,,2012 Porsche Cayman R 987.2 2012 Cayman Price not shown ,62,collection_data,success,2025-08-26T10:20:40.531416,https://www.autotempest.com/results?make=porsche&model=cayman&year_min=2009&year_max=2012,2012 Porsche Cayman R 987.2,1.0,valid,2012
2025-08-26T10:19:38.714504,"{'year': '2015', 'make': 'Porsche', 'model': 'Cayman', 'price': 'Price not shown', 'mileage': '', 'title': '2015 Porsche Cayman GTS Coupe 2D', 'source': 'AutoTempest'}",https://www.ebay.com/itm/357516346493?hash=item533da2847d%3Ag%3Ap9QAAOSwO-5oNJwQ&mkevt=1&mkcid=1&mkrid=711-53200-19255-0&campid=5337650957&customid=&toolid=10049,,Cayman,Price not shown,,2015 Porsche Cayman GTS Coupe 2D 2015 Cayman Price not shown ,63,collection_data,success,2025-08-26T10:20:41.532113,https://www.autotempest.com/results?make=porsche&model=cayman&year_min=2009&year_max=2012,2015 Porsche Cayman GTS Coupe 2D,1.0,valid,2015
2025-08-26T10:19:38.725367,"{'year': '2024', 'make': 'Porsche', 'model': 'Cayman', 'price': 'Price not shown', 'mileage': '', 'title': '2024 Porsche Cayman', 'source': 'AutoTempest'}",https://www.ebay.com/itm/226931169576?hash=item34d626d928%3Ag%3A8kwAAeSwXLNopjK6&mkevt=1&mkcid=1&mkrid=711-53200-19255-0&campid=5337650957&customid=&toolid=10049,,Cayman,Price not shown,,2024 Porsche Cayman 2024 Cayman Price not shown ,64,collection_data,success,2025-08-26T10:20:42.533505,https://www.autotempest.com/results?make=porsche&model=cayman&year_min=2009&year_max=2012,2024 Porsche Cayman,1.0,valid,2024
2025-08-26T10:19:38.736241,"{'year': '2019', 'make': 'Porsche', 'model': 'Cayman', 'price': 'Price not shown', 'mileage': '', 'title': '2019 Porsche Cayman S', 'source': 'AutoTempest'}",https://www.ebay.com/itm/146783695598?hash=item222cfd72ee%3Ag%3A8uAAAeSwcldok3kk&mkevt=1&mkcid=1&mkrid=711-53200-19255-0&campid=5337650957&customid=&toolid=10049,,Cayman,Price not shown,,2019 Porsche Cayman S 2019 Cayman Price not shown ,65,collection_data,success,2025-08-26T10:20:43.534229,https://www.autotempest.com/results?make=porsche&model=cayman&year_min=2009&year_max=2012,2019 Porsche Cayman S,1.0,valid,2019
2025-08-26T10:19:38.745925,"{'year': '2007', 'make': 'Porsche', 'model': 'Cayman', 'price': 'Price not shown', 'mileage': '', 'title': '2007 Porsche Cayman Base', 'source': 'AutoTempest'}",https://www.ebay.com/itm/167730784887?hash=item270d88aa77%3Ag%3A8E8AAeSwH5pomLXA&mkevt=1&mkcid=1&mkrid=711-53200-19255-0&campid=5337650957&customid=&toolid=10049,,Cayman,Price not shown,,2007 Porsche Cayman Base 2007 Cayman Price not shown ,66,collection_data,success,2025-08-26T10:20:44.535251,https://www.autotempest.com/results?make=porsche&model=cayman&year_min=2009&year_max=2012,2007 Porsche Cayman Base,1.0,valid,2007
2025-08-26T10:19:38.755776,"{'year': '2012', 'make': 'Porsche', 'model': 'Cayman', 'price': 'Price not shown', 'mileage': '', 'title': '2012 Porsche Cayman interseries', 'source': 'AutoTempest'}",https://www.ebay.com/itm/236274955092?hash=item370315b354%3Ag%3ANAYAAeSw76xole%7EU&mkevt=1&mkcid=1&mkrid=711-53200-19255-0&campid=5337650957&customid=&toolid=10049,,Cayman,Price not shown,,2012 Porsche Cayman interseries 2012 Cayman Price not shown ,67,collection_data,success,2025-08-26T10:20:45.536293,https://www.autotempest.com/results?make=porsche&model=cayman&year_min=2009&year_max=2012,2012 Porsche Cayman interseries,1.0,valid,2012
2025-08-26T10:19:38.765921,"{'year': '2010', 'make': 'Porsche', 'model': 'Cayman', 'price': 'Price not shown', 'mileage': '', 'title': '2010 Porsche Cayman 2dr Cpe', 'source': 'AutoTempest'}",https://www.ebay.com/itm/376487964262?hash=item57a86e6e66%3Ag%3AkE4AAeSw8RloegD7&mkevt=1&mkcid=1&mkrid=711-53200-19255-0&campid=5337650957&customid=&toolid=10049,,Cayman,Price not shown,,2010 Porsche Cayman 2dr Cpe 2010 Cayman Price not shown ,68,collection_data,success,2025-08-26T10:20:46.537385,https://www.autotempest.com/results?make=porsche&model=cayman&year_min=2009&year_max=2012,2010 Porsche Cayman 2dr Cpe,1.0,valid,2010
2025-08-26T10:19:38.775798,"{'year': '2016', 'make': 'Porsche', 'model': 'Cayman', 'price': 'Price not shown', 'mileage': '', 'title': '2016 Porsche Cayman GT4', 'source': 'AutoTempest'}",https://www.ebay.com/itm/167717296089?hash=item270cbad7d9%3Ag%3A2nMAAeSw2ZdonPTu&mkevt=1&mkcid=1&mkrid=711-53200-19255-0&campid=5337650957&customid=&toolid=10049,,Cayman,Price not shown,,2016 Porsche Cayman GT4 2016 Cayman Price not shown ,69,collection_data,success,2025-08-26T10:20:47.538385,https://www.autotempest.com/results?make=porsche&model=cayman&year_min=2009&year_max=2012,2016 Porsche Cayman GT4,1.0,valid,2016
2025-08-26T10:19:38.788797,"{'year': '2010', 'make': 'Porsche', 'model': 'Cayman', 'price': 'Price not shown', 'mileage': '', 'title': '2010 Porsche Cayman', 'source': 'AutoTempest'}",https://www.ebay.com/itm/226919231938?hash=item34d570b1c2%3Ag%3AHkEAAOSwieBnwMmU&mkevt=1&mkcid=1&mkrid=711-53200-19255-0&campid=5337650957&customid=&toolid=10049,,Cayman,Price not shown,,2010 Porsche Cayman 2010 Cayman Price not shown ,70,collection_data,success,2025-08-26T10:20:48.539461,https://www.autotempest.com/results?make=porsche&model=cayman&year_min=2009&year_max=2012,2010 Porsche Cayman,1.0,valid,2010
2025-08-26T10:19:38.803285,"{'year': '2006', 'make': 'Porsche', 'model': 'Cayman', 'price': 'Price not shown', 'mileage': '', 'title': '2006 Porsche Cayman 6-Speed', 'source': 'AutoTempest'}",https://www.ebay.com/itm/226916974262?hash=item34d54e3eb6%3Ag%3AGqwAAeSwNL1om1cs&mkevt=1&mkcid=1&mkrid=711-53200-19255-0&campid=5337650957&customid=&toolid=10049,,Cayman,Price not shown,,2006 Porsche Cayman 6-Speed 2006 Cayman Price not shown ,71,collection_data,success,2025-08-26T10:20:49.539919,https://www.autotempest.com/results?make=porsche&model=cayman&year_min=2009&year_max=2012,2006 Porsche Cayman 6-Speed,1.0,valid,2006
2025-08-26T10:19:38.830530,"{'year': '2007', 'make': 'Porsche', 'model': 'Cayman', 'price': 'Price not shown', 'mileage': '', 'title': '2007 Porsche Cayman', 'source': 'AutoTempest'}",https://www.ebay.com/itm/116726299882?hash=item1b2d6dfcea%3Ag%3A-Q8AAeSwBhVolXig&mkevt=1&mkcid=1&mkrid=711-53200-19255-0&campid=5337650957&customid=&toolid=10049,,Cayman,Price not shown,,2007 Porsche Cayman 2007 Cayman Price not shown ,72,collection_data,success,2025-08-26T10:20:50.540426,https://www.autotempest.com/results?make=porsche&model=cayman&year_min=2009&year_max=2012,2007 Porsche Cayman,1.0,valid,2007
2025-08-26T10:19:38.847271,"{'year': '2006', 'make': 'Porsche', 'model': 'Cayman', 'price': 'Price not shown', 'mileage': '', 'title': '2006 Porsche Cayman S', 'source': 'AutoTempest'}",https://www.ebay.com/itm/146757103005?hash=item222b67ad9d%3Ag%3Ab9YAAOSwzPVoOGon&mkevt=1&mkcid=1&mkrid=711-53200-19255-0&campid=5337650957&customid=&toolid=10049,,Cayman,Price not shown,,2006 Porsche Cayman S 2006 Cayman Price not shown ,73,collection_data,success,2025-08-26T10:20:51.540893,https://www.autotempest.com/results?make=porsche&model=cayman&year_min=2009&year_max=2012,2006 Porsche Cayman S,1.0,valid,2006
2025-08-26T10:19:38.859149,"{'year': '2015', 'make': 'Porsche', 'model': 'Cayman', 'price': 'Price not shown', 'mileage': '', 'title': '2015 Porsche Cayman Coupe 2D', 'source': 'AutoTempest'}",https://www.ebay.com/itm/357419516087?hash=item5337dd00b7%3Ag%3A6VoAAOSwYiNoFPxp&mkevt=1&mkcid=1&mkrid=711-53200-19255-0&campid=5337650957&customid=&toolid=10049,,Cayman,Price not shown,,2015 Porsche Cayman Coupe 2D 2015 Cayman Price not shown ,74,collection_data,success,2025-08-26T10:20:52.541965,https://www.autotempest.com/results?make=porsche&model=cayman&year_min=2009&year_max=2012,2015 Porsche Cayman Coupe 2D,1.0,valid,2015
2025-08-26T10:19:38.880253,"{'year': '2008', 'make': 'Porsche', 'model': 'Cayman', 'price': 'Price not shown', 'mileage': '', 'title': '2008 Porsche Cayman S very clean Cayman S with low miles', 'source': 'AutoTempest'}",https://www.ebay.com/itm/116722334672?hash=item1b2d317bd0%3Ag%3AvusAAeSwIMlok-Tq&mkevt=1&mkcid=1&mkrid=711-53200-19255-0&campid=5337650957&customid=&toolid=10049,,Cayman,Price not shown,,2008 Porsche Cayman S very clean Cayman S with low miles 2008 Cayman Price not shown ,75,collection_data,success,2025-08-26T10:20:53.543021,https://www.autotempest.com/results?make=porsche&model=cayman&year_min=2009&year_max=2012,2008 Porsche Cayman S very clean Cayman S with low miles,1.0,valid,2008
2025-08-26T10:19:38.906259,"{'year': '2007', 'make': 'Porsche', 'model': 'Cayman', 'price': 'Price not shown', 'mileage': '', 'title': '2007 Porsche Cayman S', 'source': 'AutoTempest'}",https://www.ebay.com/itm/177316130622?hash=item2948dd6f3e%3Ag%3AH6EAAeSwF-lokdpM&mkevt=1&mkcid=1&mkrid=711-53200-19255-0&campid=5337650957&customid=&toolid=10049,,Cayman,Price not shown,,2007 Porsche Cayman S 2007 Cayman Price not shown ,76,collection_data,success,2025-08-26T10:20:54.544105,https://www.autotempest.com/results?make=porsche&model=cayman&year_min=2009&year_max=2012,2007 Porsche Cayman S,1.0,valid,2007
2025-08-26T10:19:38.920172,"{'year': '2007', 'make': 'Porsche', 'model': 'Cayman', 'price': 'Price not shown', 'mileage': '', 'title': '2007 Porsche Cayman S', 'source': 'AutoTempest'}",https://www.ebay.com/itm/376452523055?hash=item57a651a42f%3Ag%3Af5IAAOSwMCZoSTsd&mkevt=1&mkcid=1&mkrid=711-53200-19255-0&campid=5337650957&customid=&toolid=10049,,Cayman,Price not shown,,2007 Porsche Cayman S 2007 Cayman Price not shown ,77,collection_data,success,2025-08-26T10:20:55.544795,https://www.autotempest.com/results?make=porsche&model=cayman&year_min=2009&year_max=2012,2007 Porsche Cayman S,1.0,valid,2007
2025-08-26T10:19:38.931399,"{'year': '2018', 'make': 'Porsche', 'model': 'Cayman', 'price': 'Price not shown', 'mileage': '', 'title': '2018 Porsche Cayman S', 'source': 'AutoTempest'}",https://www.ebay.com/itm/357363326844?hash=item5334839f7c%3Ag%3A%7EHwAAeSwxV1oXl2r&mkevt=1&mkcid=1&mkrid=711-53200-19255-0&campid=5337650957&customid=&toolid=10049,,Cayman,Price not shown,,2018 Porsche Cayman S 2018 Cayman Price not shown ,78,collection_data,success,2025-08-26T10:20:56.545420,https://www.autotempest.com/results?make=porsche&model=cayman&year_min=2009&year_max=2012,2018 Porsche Cayman S,1.0,valid,2018
2025-08-26T10:19:38.941172,"{'year': '2014', 'make': 'Porsche', 'model': 'Cayman', 'price': 'Price not shown', 'mileage': '', 'title': '2014 Porsche Cayman Standard', 'source': 'AutoTempest'}",https://www.truecar.com/used-cars-for-sale/listing/WP0AA2A87EK170837/?referrer_id=autotempest,,Cayman,Price not shown,,2014 Porsche Cayman Standard 2014 Cayman Price not shown ,79,collection_data,success,2025-08-26T10:20:57.546316,https://www.autotempest.com/results?make=porsche&model=cayman&year_min=2009&year_max=2012,2014 Porsche Cayman Standard,1.0,valid,2014
2025-08-26T10:19:38.956855,"{'year': '2007', 'make': 'Porsche', 'model': 'Cayman', 'price': 'Price not shown', 'mileage': '', 'title': '2007 Porsche Cayman Standard', 'source': 'AutoTempest'}",https://www.truecar.com/used-cars-for-sale/listing/WP0AA29847U763616/?referrer_id=autotempest,,Cayman,Price not shown,,2007 Porsche Cayman Standard 2007 Cayman Price not shown ,80,collection_data,success,2025-08-26T10:20:58.547930,https://www.autotempest.com/results?make=porsche&model=cayman&year_min=2009&year_max=2012,2007 Porsche Cayman Standard,1.0,valid,2007
2025-08-26T10:19:38.972705,"{'year': '2016', 'make': 'Porsche', 'model': 'Cayman', 'price': 'Price not shown', 'mileage': '', 'title': '2016 Porsche Cayman Standard', 'source': 'AutoTempest'}",https://www.truecar.com/used-cars-for-sale/listing/WP0AA2A84GK171804/?referrer_id=autotempest,,Cayman,Price not shown,,2016 Porsche Cayman Standard 2016 Cayman Price not shown ,81,collection_data,success,2025-08-26T10:20:59.548696,https://www.autotempest.com/results?make=porsche&model=cayman&year_min=2009&year_max=2012,2016 Porsche Cayman Standard,1.0,valid,2016
2025-08-26T10:19:38.982146,"{'year': '2016', 'make': 'Porsche', 'model': 'Cayman', 'price': 'Price not shown', 'mileage': '', 'title': '2016 Porsche Cayman Standard', 'source': 'AutoTempest'}",https://www.truecar.com/used-cars-for-sale/listing/WP0AA2A83GK170143/?referrer_id=autotempest,,Cayman,Price not shown,,2016 Porsche Cayman Standard 2016 Cayman Price not shown ,82,collection_data,success,2025-08-26T10:21:00.549607,https://www.autotempest.com/results?make=porsche&model=cayman&year_min=2009&year_max=2012,2016 Porsche Cayman Standard,1.0,valid,2016
2025-08-26T10:19:38.990196,"{'year': '2016', 'make': 'Porsche', 'model': 'Cayman', 'price': 'Price not shown', 'mileage': '', 'title': '2016 Porsche Cayman GT4', 'source': 'AutoTempest'}",https://www.truecar.com/used-cars-for-sale/listing/WP0AC2A82GK197313/?referrer_id=autotempest,,Cayman,Price not shown,,2016 Porsche Cayman GT4 2016 Cayman Price not shown ,83,collection_data,success,2025-08-26T10:21:01.550666,https://www.autotempest.com/results?make=porsche&model=cayman&year_min=2009&year_max=2012,2016 Porsche Cayman GT4,1.0,valid,2016
2025-08-26T10:19:38.999727,"{'year': '2016', 'make': 'Porsche', 'model': 'Cayman', 'price': 'Price not shown', 'mileage': '', 'title': '2016 Porsche Cayman Standard', 'source': 'AutoTempest'}",https://www.truecar.com/used-cars-for-sale/listing/WP0AA2A82GK171879/?referrer_id=autotempest,,Cayman,Price not shown,,2016 Porsche Cayman Standard 2016 Cayman Price not shown ,84,collection_data,success,2025-08-26T10:21:02.552086,https://www.autotempest.com/results?make=porsche&model=cayman&year_min=2009&year_max=2012,2016 Porsche Cayman Standard,1.0,valid,2016
2025-08-26T10:19:39.009466,"{'year': '2006', 'make': 'Porsche', 'model': 'Cayman', 'price': 'Price not shown', 'mileage': '', 'title': '2006 Porsche Cayman S', 'source': 'AutoTempest'}",https://www.truecar.com/used-cars-for-sale/listing/WP0AB29856U780873/?referrer_id=autotempest,,Cayman,Price not shown,,2006 Porsche Cayman S 2006 Cayman Price not shown ,85,collection_data,success,2025-08-26T10:21:03.552751,https://www.autotempest.com/results?make=porsche&model=cayman&year_min=2009&year_max=2012,2006 Porsche Cayman S,1.0,valid,2006
2025-08-26T10:19:39.019315,"{'year': '2006', 'make': 'Porsche', 'model': 'Cayman', 'price': 'Price not shown', 'mileage': '', 'title': '2006 Porsche Cayman S', 'source': 'AutoTempest'}",https://www.truecar.com/used-cars-for-sale/listing/WP0AB29836U782363/?referrer_id=autotempest,,Cayman,Price not shown,,2006 Porsche Cayman S 2006 Cayman Price not shown ,86,collection_data,success,2025-08-26T10:21:04.553814,https://www.autotempest.com/results?make=porsche&model=cayman&year_min=2009&year_max=2012,2006 Porsche Cayman S,1.0,valid,2006
2025-08-26T10:19:39.030889,"{'year': '2008', 'make': 'Porsche', 'model': 'Cayman', 'price': 'Price not shown', 'mileage': '', 'title': '2008 Porsche Cayman S', 'source': 'AutoTempest'}",https://www.truecar.com/used-cars-for-sale/listing/WP0AB29888U782989/?referrer_id=autotempest,,Cayman,Price not shown,,2008 Porsche Cayman S 2008 Cayman Price not shown ,87,collection_data,success,2025-08-26T10:21:05.554857,https://www.autotempest.com/results?make=porsche&model=cayman&year_min=2009&year_max=2012,2008 Porsche Cayman S,1.0,valid,2008
2025-08-26T10:19:39.050140,"{'year': '2006', 'make': 'Porsche', 'model': 'Cayman', 'price': 'Price not shown', 'mileage': '', 'title': '2006 Porsche Cayman S', 'source': 'AutoTempest'}",https://www.truecar.com/used-cars-for-sale/listing/WP0AB29816U783057/?referrer_id=autotempest,,Cayman,Price not shown,,2006 Porsche Cayman S 2006 Cayman Price not shown ,88,collection_data,success,2025-08-26T10:21:06.555730,https://www.autotempest.com/results?make=porsche&model=cayman&year_min=2009&year_max=2012,2006 Porsche Cayman S,1.0,valid,2006
2025-08-26T10:19:39.060725,"{'year': '2006', 'make': 'Porsche', 'model': 'Cayman', 'price': 'Price not shown', 'mileage': '', 'title': '2006 Porsche Cayman S', 'source': 'AutoTempest'}",https://www.truecar.com/used-cars-for-sale/listing/WP0AB298X6U780271/?referrer_id=autotempest,,Cayman,Price not shown,,2006 Porsche Cayman S 2006 Cayman Price not shown ,89,collection_data,success,2025-08-26T10:21:07.556794,https://www.autotempest.com/results?make=porsche&model=cayman&year_min=2009&year_max=2012,2006 Porsche Cayman S,1.0,valid,2006
2025-08-26T10:19:39.070826,"{'year': '2016', 'make': 'Porsche', 'model': 'Cayman', 'price': 'Price not shown', 'mileage': '', 'title': '2016 Porsche Cayman Standard', 'source': 'AutoTempest'}",https://www.truecar.com/used-cars-for-sale/listing/WP0AA2A86GK171125/?referrer_id=autotempest,,Cayman,Price not shown,,2016 Porsche Cayman Standard 2016 Cayman Price not shown ,90,collection_data,success,2025-08-26T10:21:08.557997,https://www.autotempest.com/results?make=porsche&model=cayman&year_min=2009&year_max=2012,2016 Porsche Cayman Standard,1.0,valid,2016
2025-08-26T10:19:39.081444,"{'year': '2016', 'make': 'Porsche', 'model': 'Cayman', 'price': 'Price not shown', 'mileage': '', 'title': '2016 Porsche Cayman GT4', 'source': 'AutoTempest'}",https://www.truecar.com/used-cars-for-sale/listing/WP0AC2A81GK197092/?referrer_id=autotempest,,Cayman,Price not shown,,2016 Porsche Cayman GT4 2016 Cayman Price not shown ,91,collection_data,success,2025-08-26T10:21:09.558477,https://www.autotempest.com/results?make=porsche&model=cayman&year_min=2009&year_max=2012,2016 Porsche Cayman GT4,1.0,valid,2016
2025-08-26T10:19:39.094438,"{'year': '2011', 'make': 'Porsche', 'model': 'Cayman', 'price': 'Price not shown', 'mileage': '', 'title': '2011 Porsche Cayman S', 'source': 'AutoTempest'}",https://www.truecar.com/used-cars-for-sale/listing/WP0AB2A88BU780243/?referrer_id=autotempest,,Cayman,Price not shown,,2011 Porsche Cayman S 2011 Cayman Price not shown ,92,collection_data,success,2025-08-26T10:21:10.559433,https://www.autotempest.com/results?make=porsche&model=cayman&year_min=2009&year_max=2012,2011 Porsche Cayman S,1.0,valid,2011
2025-08-26T10:19:39.105307,"{'year': '2016', 'make': 'Porsche', 'model': 'Cayman', 'price': 'Price not shown', 'mileage': '', 'title': '2016 Porsche Cayman GT4', 'source': 'AutoTempest'}",https://www.truecar.com/used-cars-for-sale/listing/WP0AC2A80GK191929/?referrer_id=autotempest,,Cayman,Price not shown,,2016 Porsche Cayman GT4 2016 Cayman Price not shown ,93,collection_data,success,2025-08-26T10:21:11.559903,https://www.autotempest.com/results?make=porsche&model=cayman&year_min=2009&year_max=2012,2016 Porsche Cayman GT4,1.0,valid,2016
2025-08-26T10:19:39.113064,"{'year': '2006', 'make': 'Porsche', 'model': 'Cayman', 'price': 'Price not shown', 'mileage': '', 'title': '2006 Porsche Cayman S', 'source': 'AutoTempest'}",https://www.truecar.com/used-cars-for-sale/listing/WP0AB29886U784710/?referrer_id=autotempest,,Cayman,Price not shown,,2006 Porsche Cayman S 2006 Cayman Price not shown ,94,collection_data,success,2025-08-26T10:21:12.560501,https://www.autotempest.com/results?make=porsche&model=cayman&year_min=2009&year_max=2012,2006 Porsche Cayman S,1.0,valid,2006
2025-08-26T10:19:39.121990,"{'year': '2015', 'make': 'Porsche', 'model': 'Cayman', 'price': 'Price not shown', 'mileage': '', 'title': '2015 Porsche Cayman S', 'source': 'AutoTempest'}",https://www.truecar.com/used-cars-for-sale/listing/WP0AB2A8XFK181801/?referrer_id=autotempest,,Cayman,Price not shown,,2015 Porsche Cayman S 2015 Cayman Price not shown ,95,collection_data,success,2025-08-26T10:21:13.560969,https://www.autotempest.com/results?make=porsche&model=cayman&year_min=2009&year_max=2012,2015 Porsche Cayman S,1.0,valid,2015
2025-08-26T10:19:39.132263,"{'year': '2015', 'make': 'Porsche', 'model': 'Cayman', 'price': 'Price not shown', 'mileage': '', 'title': '2015 Porsche Cayman Standard', 'source': 'AutoTempest'}",https://www.truecar.com/used-cars-for-sale/listing/WP0AA2A83FK160694/?referrer_id=autotempest,,Cayman,Price not shown,,2015 Porsche Cayman Standard 2015 Cayman Price not shown ,96,collection_data,success,2025-08-26T10:21:14.561429,https://www.autotempest.com/results?make=porsche&model=cayman&year_min=2009&year_max=2012,2015 Porsche Cayman Standard,1.0,valid,2015
2025-08-26T10:19:39.141230,"{'year': '2006', 'make': 'Porsche', 'model': 'Cayman', 'price': 'Price not shown', 'mileage': '', 'title': '2006 Porsche Cayman S', 'source': 'AutoTempest'}",https://www.truecar.com/used-cars-for-sale/listing/WP0AB29886U780642/?referrer_id=autotempest,,Cayman,Price not shown,,2006 Porsche Cayman S 2006 Cayman Price not shown ,97,collection_data,success,2025-08-26T10:21:15.561898,https://www.autotempest.com/results?make=porsche&model=cayman&year_min=2009&year_max=2012,2006 Porsche Cayman S,1.0,valid,2006
2025-08-26T10:19:39.150934,"{'year': '2006', 'make': 'Porsche', 'model': 'Cayman', 'price': 'Price not shown', 'mileage': '', 'title': '2006 Porsche Cayman S', 'source': 'AutoTempest'}",https://www.truecar.com/used-cars-for-sale/listing/WP0AB29866U780526/?referrer_id=autotempest,,Cayman,Price not shown,,2006 Porsche Cayman S 2006 Cayman Price not shown ,98,collection_data,success,2025-08-26T10:21:16.562434,https://www.autotempest.com/results?make=porsche&model=cayman&year_min=2009&year_max=2012,2006 Porsche Cayman S,1.0,valid,2006
2025-08-26T10:19:39.160499,"{'year': '2008', 'make': 'Porsche', 'model': 'Cayman', 'price': 'Price not shown', 'mileage': '', 'title': '2008 Porsche Cayman Standard', 'source': 'AutoTempest'}",https://www.truecar.com/used-cars-for-sale/listing/WP0AA29808U761055/?referrer_id=autotempest,,Cayman,Price not shown,,2008 Porsche Cayman Standard 2008 Cayman Price not shown ,99,collection_data,success,2025-08-26T10:21:17.562893,https://www.autotempest.com/results?make=porsche&model=cayman&year_min=2009&year_max=2012,2008 Porsche Cayman Standard,1.0,valid,2008
2025-08-26T10:19:39.169961,"{'year': '2006', 'make': 'Porsche', 'model': 'Cayman', 'price': 'Price not shown', 'mileage': '', 'title': '2006 Porsche Cayman S', 'source': 'AutoTempest'}",https://www.truecar.com/used-cars-for-sale/listing/WP0AB29836U782895/?referrer_id=autotempest,,Cayman,Price not shown,,2006 Porsche Cayman S 2006 Cayman Price not shown ,100,collection_data,success,2025-08-26T10:21:18.563500,https://www.autotempest.com/results?make=porsche&model=cayman&year_min=2009&year_max=2012,2006 Porsche Cayman S,1.0,valid,2006
